exercise,arm,order,operator_id,provider_source_sha,verifier_source_sha,task_corpus_sha,model_pin,trust_profile,budget_profile,initial_platform_hours,repeated_hands_on_hours,training_hours,assistance_hours,debugging_hours,manual_approvals,human_wait_seconds,blocked_seconds,model_tokens,model_cost,kernel_cpu_seconds,kernel_latency_ms,state_bytes,physical_effects,quality_adjudication,failed_attempts,recoverable_incidents,recovered_without_repair,database_edits,bespoke_repairs,adapter_diff_sha,event_log_sha,operator_attestation
I1,Chio,1,SYNTHETIC-operator,33c87fd3907e0b2ee15e6aba8ae7c8a03260ba017b3c5b12511f53e728f3e247,33c87fd3907e0b2ee15e6aba8ae7c8a03260ba017b3c5b12511f53e728f3e247,33c87fd3907e0b2ee15e6aba8ae7c8a03260ba017b3c5b12511f53e728f3e247,SYNTHETIC-model,SYNTHETIC-trust,SYNTHETIC-budget,0,2,0,0,0,0,0,0,0,0,0,0,0,0,bba920f1e5e97b96c59253efb482e639a0f7ee161a11f6d222f924d69d9c3cdf,1,1,1,0,0,33c87fd3907e0b2ee15e6aba8ae7c8a03260ba017b3c5b12511f53e728f3e247,96d00f3a6375806882b561b63642646747a794a47677cecd1f9f83a99d486945,c9cae6e6feded193025057283c93c9e84c4c5df91111301a6fc969eb962e8c3e
I1,B1,2,SYNTHETIC-operator,33c87fd3907e0b2ee15e6aba8ae7c8a03260ba017b3c5b12511f53e728f3e247,33c87fd3907e0b2ee15e6aba8ae7c8a03260ba017b3c5b12511f53e728f3e247,33c87fd3907e0b2ee15e6aba8ae7c8a03260ba017b3c5b12511f53e728f3e247,SYNTHETIC-model,SYNTHETIC-trust,SYNTHETIC-budget,0,4,0,0,0,0,0,0,0,0,0,0,0,0,bba920f1e5e97b96c59253efb482e639a0f7ee161a11f6d222f924d69d9c3cdf,1,1,1,0,0,33c87fd3907e0b2ee15e6aba8ae7c8a03260ba017b3c5b12511f53e728f3e247,797e62fa71f1d895a506962316097c5c22285352bff2fccecf20542e629805d9,c9cae6e6feded193025057283c93c9e84c4c5df91111301a6fc969eb962e8c3e
I2,Chio,2,SYNTHETIC-operator,33c87fd3907e0b2ee15e6aba8ae7c8a03260ba017b3c5b12511f53e728f3e247,33c87fd3907e0b2ee15e6aba8ae7c8a03260ba017b3c5b12511f53e728f3e247,33c87fd3907e0b2ee15e6aba8ae7c8a03260ba017b3c5b12511f53e728f3e247,SYNTHETIC-model,SYNTHETIC-trust,SYNTHETIC-budget,0,2,0,0,0,0,0,0,0,0,0,0,0,0,bba920f1e5e97b96c59253efb482e639a0f7ee161a11f6d222f924d69d9c3cdf,1,1,1,0,0,33c87fd3907e0b2ee15e6aba8ae7c8a03260ba017b3c5b12511f53e728f3e247,5e77772854fb2d174e4521d4959d8e1497323a6a6daff8681534c01a2a4b4046,c9cae6e6feded193025057283c93c9e84c4c5df91111301a6fc969eb962e8c3e
I2,B1,1,SYNTHETIC-operator,33c87fd3907e0b2ee15e6aba8ae7c8a03260ba017b3c5b12511f53e728f3e247,33c87fd3907e0b2ee15e6aba8ae7c8a03260ba017b3c5b12511f53e728f3e247,33c87fd3907e0b2ee15e6aba8ae7c8a03260ba017b3c5b12511f53e728f3e247,SYNTHETIC-model,SYNTHETIC-trust,SYNTHETIC-budget,0,4,0,0,0,0,0,0,0,0,0,0,0,0,bba920f1e5e97b96c59253efb482e639a0f7ee161a11f6d222f924d69d9c3cdf,1,1,1,0,0,33c87fd3907e0b2ee15e6aba8ae7c8a03260ba017b3c5b12511f53e728f3e247,64d02cd4a3e377e295359cb6c5ea04477ebac5a36d1c68069eb63e77b5cb24f5,c9cae6e6feded193025057283c93c9e84c4c5df91111301a6fc969eb962e8c3e
I3,Chio,1,SYNTHETIC-operator,33c87fd3907e0b2ee15e6aba8ae7c8a03260ba017b3c5b12511f53e728f3e247,33c87fd3907e0b2ee15e6aba8ae7c8a03260ba017b3c5b12511f53e728f3e247,33c87fd3907e0b2ee15e6aba8ae7c8a03260ba017b3c5b12511f53e728f3e247,SYNTHETIC-model,SYNTHETIC-trust,SYNTHETIC-budget,0,2,0,0,0,0,0,0,0,0,0,0,0,0,bba920f1e5e97b96c59253efb482e639a0f7ee161a11f6d222f924d69d9c3cdf,1,1,1,0,0,33c87fd3907e0b2ee15e6aba8ae7c8a03260ba017b3c5b12511f53e728f3e247,74e2a3076c8c6ea20918c5f49cc80dd5f153e7efcc58fa62147b8a44e104f237,c9cae6e6feded193025057283c93c9e84c4c5df91111301a6fc969eb962e8c3e
I3,B1,2,SYNTHETIC-operator,33c87fd3907e0b2ee15e6aba8ae7c8a03260ba017b3c5b12511f53e728f3e247,33c87fd3907e0b2ee15e6aba8ae7c8a03260ba017b3c5b12511f53e728f3e247,33c87fd3907e0b2ee15e6aba8ae7c8a03260ba017b3c5b12511f53e728f3e247,SYNTHETIC-model,SYNTHETIC-trust,SYNTHETIC-budget,0,4,0,0,0,0,0,0,0,0,0,0,0,0,bba920f1e5e97b96c59253efb482e639a0f7ee161a11f6d222f924d69d9c3cdf,1,1,1,0,0,33c87fd3907e0b2ee15e6aba8ae7c8a03260ba017b3c5b12511f53e728f3e247,8bc4e85613816d409999fb0e72452cd3f7595cfe766f9352c1ac96da262f3a20,c9cae6e6feded193025057283c93c9e84c4c5df91111301a6fc969eb962e8c3e
I4,Chio,2,SYNTHETIC-operator,33c87fd3907e0b2ee15e6aba8ae7c8a03260ba017b3c5b12511f53e728f3e247,33c87fd3907e0b2ee15e6aba8ae7c8a03260ba017b3c5b12511f53e728f3e247,33c87fd3907e0b2ee15e6aba8ae7c8a03260ba017b3c5b12511f53e728f3e247,SYNTHETIC-model,SYNTHETIC-trust,SYNTHETIC-budget,0,2,0,0,0,0,0,0,0,0,0,0,0,0,bba920f1e5e97b96c59253efb482e639a0f7ee161a11f6d222f924d69d9c3cdf,1,1,1,0,0,33c87fd3907e0b2ee15e6aba8ae7c8a03260ba017b3c5b12511f53e728f3e247,f02d13c526ec76e5207ad48cbf03d8b88fecd8dacaec3d6aa26b626cd973de97,c9cae6e6feded193025057283c93c9e84c4c5df91111301a6fc969eb962e8c3e
I4,B1,1,SYNTHETIC-operator,33c87fd3907e0b2ee15e6aba8ae7c8a03260ba017b3c5b12511f53e728f3e247,33c87fd3907e0b2ee15e6aba8ae7c8a03260ba017b3c5b12511f53e728f3e247,33c87fd3907e0b2ee15e6aba8ae7c8a03260ba017b3c5b12511f53e728f3e247,SYNTHETIC-model,SYNTHETIC-trust,SYNTHETIC-budget,0,4,0,0,0,0,0,0,0,0,0,0,0,0,bba920f1e5e97b96c59253efb482e639a0f7ee161a11f6d222f924d69d9c3cdf,1,1,1,0,0,33c87fd3907e0b2ee15e6aba8ae7c8a03260ba017b3c5b12511f53e728f3e247,66c7ebeb04d71ea148e9a0288deefec3ab7884bf5893a8f3129a0bf19e601d56,c9cae6e6feded193025057283c93c9e84c4c5df91111301a6fc969eb962e8c3e
I5,Chio,1,SYNTHETIC-operator,33c87fd3907e0b2ee15e6aba8ae7c8a03260ba017b3c5b12511f53e728f3e247,33c87fd3907e0b2ee15e6aba8ae7c8a03260ba017b3c5b12511f53e728f3e247,33c87fd3907e0b2ee15e6aba8ae7c8a03260ba017b3c5b12511f53e728f3e247,SYNTHETIC-model,SYNTHETIC-trust,SYNTHETIC-budget,0,2,0,0,0,0,0,0,0,0,0,0,0,0,bba920f1e5e97b96c59253efb482e639a0f7ee161a11f6d222f924d69d9c3cdf,1,1,1,0,0,33c87fd3907e0b2ee15e6aba8ae7c8a03260ba017b3c5b12511f53e728f3e247,c0ddfac6dbdf7fda3bc2c72cfbe9df34998ac3cfe9ecddf3656cebe01b28da6f,c9cae6e6feded193025057283c93c9e84c4c5df91111301a6fc969eb962e8c3e
I5,B1,2,SYNTHETIC-operator,33c87fd3907e0b2ee15e6aba8ae7c8a03260ba017b3c5b12511f53e728f3e247,33c87fd3907e0b2ee15e6aba8ae7c8a03260ba017b3c5b12511f53e728f3e247,33c87fd3907e0b2ee15e6aba8ae7c8a03260ba017b3c5b12511f53e728f3e247,SYNTHETIC-model,SYNTHETIC-trust,SYNTHETIC-budget,0,4,0,0,0,0,0,0,0,0,0,0,0,0,bba920f1e5e97b96c59253efb482e639a0f7ee161a11f6d222f924d69d9c3cdf,1,1,1,0,0,33c87fd3907e0b2ee15e6aba8ae7c8a03260ba017b3c5b12511f53e728f3e247,241a426eab28ef540bb7caf533ca070c1786db1a3cf4a56b5cc74d97fe1228da,c9cae6e6feded193025057283c93c9e84c4c5df91111301a6fc969eb962e8c3e
I6,Chio,2,SYNTHETIC-operator,33c87fd3907e0b2ee15e6aba8ae7c8a03260ba017b3c5b12511f53e728f3e247,33c87fd3907e0b2ee15e6aba8ae7c8a03260ba017b3c5b12511f53e728f3e247,33c87fd3907e0b2ee15e6aba8ae7c8a03260ba017b3c5b12511f53e728f3e247,SYNTHETIC-model,SYNTHETIC-trust,SYNTHETIC-budget,0,2,0,0,0,0,0,0,0,0,0,0,0,0,bba920f1e5e97b96c59253efb482e639a0f7ee161a11f6d222f924d69d9c3cdf,1,1,1,0,0,33c87fd3907e0b2ee15e6aba8ae7c8a03260ba017b3c5b12511f53e728f3e247,a1daad0d97d17d2af6a50ffeff5c753c30b55da3a0aadd415e9938fcb00a54d8,c9cae6e6feded193025057283c93c9e84c4c5df91111301a6fc969eb962e8c3e
I6,B1,1,SYNTHETIC-operator,33c87fd3907e0b2ee15e6aba8ae7c8a03260ba017b3c5b12511f53e728f3e247,33c87fd3907e0b2ee15e6aba8ae7c8a03260ba017b3c5b12511f53e728f3e247,33c87fd3907e0b2ee15e6aba8ae7c8a03260ba017b3c5b12511f53e728f3e247,SYNTHETIC-model,SYNTHETIC-trust,SYNTHETIC-budget,0,4,0,0,0,0,0,0,0,0,0,0,0,0,bba920f1e5e97b96c59253efb482e639a0f7ee161a11f6d222f924d69d9c3cdf,1,1,1,0,0,33c87fd3907e0b2ee15e6aba8ae7c8a03260ba017b3c5b12511f53e728f3e247,55221c11bc4df0b7934b8913e54b1e4a014ebdfeca6a59021260e35d53c62a5e,c9cae6e6feded193025057283c93c9e84c4c5df91111301a6fc969eb962e8c3e
